{"app_id": "com.catchoom.test", "tokens": ["e31801cc333646f5"], "last-modified": "1512969266", "name": "sample_collection", "uuid": "973ccca9675040b0865c57660f56b6eb", "image_template": "https://crs-beta-catchoom.s3.amazonaws.com/cache/collections/{collection_uuid}/images/{item_uuid}_{image_uuid}_thumb_120.jpe", "items": {"72b5cf5e04a44e75938dc3a20afa8fc0": {"name": "samplear", "url": "", "custom": "", "content": {"contents_v2": [{"scale": [2.092468173486507, 1.5659084000913235, 16.439543639537106], "uuid": "2731E106-9745-4822-A101-DA8F951A8A1B", "media_uuid": "a4c66511e6c548e48fc68aa06b103f27", "rotation_euler": [0, 0, 0], "image_url": "media/a4c66511e6c548e48fc68aa06b103f27/sample.jfif", "alpha": 1, "translation": [-2.174440558162292, 7.012805436921369, -0.7475362484716257], "type": "image", "rotation_matrix": [1, 0, 0, 0, 0, 1, 0, 0, 0, 0, 1, 0, 0, 0, 0, 1]}], "version": 2}, "images": ["4a0c7ce7bd5440789f6de5b58cc9b99f"], "trackable": true}}, "index_template": "https://48a9ff3c9ed24e9d455d-d632e246998d242b61b7539cab4293fe.ssl.cf5.rackcdn.com/bundles/973ccca9675040b0865c57660f56b6eb/ARSDK-5/com.catchoom.test/files/{item_uuid}_{image_uuid}.index_s", "sdk_version": "ARSDK-5", "tracking_template": "https://48a9ff3c9ed24e9d455d-d632e246998d242b61b7539cab4293fe.ssl.cf5.rackcdn.com/bundles/973ccca9675040b0865c57660f56b6eb/ARSDK-5/com.catchoom.test/files/{item_uuid}.ctf", "pubkey": "-----BEGIN PUBLIC KEY-----\nMIIBIjANBgkqhkiG9w0BAQEFAAOCAQ8AMIIBCgKCAQEAvr+uDLOyQtYzA8EFF3Xg\nwlbBC1XfBczr/V2xaC9HpjeMkHEP6okBr/YuC1hF3zJtz5FyTabuioqGWnbv7av2\nyWRXB2C6XpvK6Cg8C2I2WQfaW3JSCC8+xN7iLHeqlFQ+AgPm7PyoXlUnRBJS4kT0\nmYWIx3trCLGjN/yzyT/rEMZXDLLhFx2bEQwjEzJfpd5/WpKHDcb6vPsqYs40SIe7\nowkJ7Vu8oxhKMOrCfhll650hPPA7dUQ15MlslcrtYDHHeZARkw3cqoy0M3xiuL1W\nFDPupHne3nBCeGymP4Ga0CRLXqSxwMN+jRadGKsWdopUOY6IGT22PbP7LTrLBGfr\n9QIDAQAB\n-----END PUBLIC KEY-----"}